manufacturer,family,variant_name,icao_type_codes,aliases,category,catalog_status,sources,confidence,decision_reason,decision,review_notes,legacy_evidence,legacy_reviewed_at
Airbus,A220 Family,A220-100,BCS1,A220-100|Airbus A220-100|CS100|BCS1,Passenger Jet,collectible,ICAO Doc 8643 lookup; Airbus product pages; prototype catalog sanity check,medium,Approved as an M0 catalog identity: common current passenger type and useful alias-normalization case.,approved,"CSeries-era CS100 naming remains a resolver alias candidate; verify final canonical naming. Approval does not authorize seeding until alias normalization, collision checks, and all seed-gate checks pass.",,
Airbus,A220 Family,A220-300,BCS3,A220-300|Airbus A220-300|CS300|BCS3,Passenger Jet,collectible,ICAO Doc 8643 lookup; Airbus product pages; prototype catalog sanity check,medium,Approved as an M0 catalog identity: common current passenger type and useful alias-normalization case.,approved,"CSeries-era CS300 naming remains a resolver alias candidate; verify final canonical naming. Approval does not authorize seeding until alias normalization, collision checks, and all seed-gate checks pass.",,
Airbus,A320 Family,A318,A318,A318|Airbus A318,Passenger Jet,legacy,ICAO Doc 8643 lookup; Airbus product/history pages; prototype catalog sanity check,medium,Accepted as a legacy catalog identity: recognizable A320-family passenger variant with gameplay value.,legacy,Limited current operation; review whether collectible or legacy catalog status is more appropriate. Accepted as legacy and excluded from primary Dex completion; seed eligibility still requires the documented seed gate.,~35 airframes but scheduled service ended; corporate/ACJ activity only. Borderline: revisit with real catch data. Evidence: rarity_preassignment_draft.csv estimate + operator service check (July 2026 general fleet knowledge); verify at annual re-review.,2026-07-07
Airbus,A320 Family,A319,A319,A319|Airbus A319|A319ceo,Passenger Jet,collectible,ICAO Doc 8643 lookup; Airbus product pages; prototype catalog sanity check,medium,Approved as an M0 catalog identity: common passenger variant and baseline resolver target.,approved,"Review whether ceo should remain an alias rather than canonical naming. Approval does not authorize seeding until alias normalization, collision checks, and all seed-gate checks pass.",,
Airbus,A320 Family,A319neo,A19N,A19N|A319neo|Airbus A319neo,Passenger Jet,collectible,ICAO Doc 8643 lookup; Airbus product pages; prototype catalog sanity check,medium,Deferred from M0 seed consideration: distinct ICAO designator and useful family-completion candidate.,defer,"Small fleet; verify gameplay value and current product naming. Do not seed until the stated resolver, source, service-status, or aircraft-level evidence requirement is implemented and reviewed.",,
Airbus,A320 Family,A320,A320,A320|Airbus A320|A320ceo,Passenger Jet,collectible,ICAO Doc 8643 lookup; Airbus product pages; prototype catalog sanity check,medium,Approved as an M0 catalog identity: very common passenger variant and core resolver baseline.,approved,"Review whether ceo should remain an alias rather than canonical naming. Approval does not authorize seeding until alias normalization, collision checks, and all seed-gate checks pass.",,
Airbus,A320 Family,A320neo,A20N,A20N|A320neo|A320 Neo|Airbus A320neo,Passenger Jet,collectible,ICAO Doc 8643 lookup; Airbus product pages; prototype catalog sanity check,medium,Approved as an M0 catalog identity: very common current passenger variant.,approved,"Verify normalized aliases and whether engine subtypes remain non-collectible metadata. Approval does not authorize seeding until alias normalization, collision checks, and all seed-gate checks pass.",,
Airbus,A320 Family,A321,A321,A321|Airbus A321|A321ceo,Passenger Jet,collectible,ICAO Doc 8643 lookup; Airbus product pages; prototype catalog sanity check,medium,Approved as an M0 catalog identity: very common passenger variant and core family target.,approved,"Review whether ceo should remain an alias rather than canonical naming. Approval does not authorize seeding until alias normalization, collision checks, and all seed-gate checks pass.",,
Airbus,A320 Family,A321neo,A21N,A21N|A321neo|A321 Neo|Airbus A321neo,Passenger Jet,collectible,ICAO Doc 8643 lookup; Airbus product pages; prototype catalog sanity check,medium,Approved as the baseline M0 catalog identity for the A21N designator.,approved,"A21N is the direct alias for the baseline A321neo catalog identity. It must not directly unlock the more specific A321LR or A321XLR candidates; aircraft-level model evidence may refine a physical aircraft beyond this baseline. Approval does not authorize seeding until alias normalization, collision checks, and all seed-gate checks pass.",,
Airbus,A320 Family,A321LR,A21N,A321LR|A321 LR|Airbus A321LR,Passenger Jet,collectible,ICAO Doc 8643 lookup; Airbus product pages; independent aviation reference review,low,Deferred from M0 seed consideration because A21N cannot distinguish A321LR from the approved baseline A321neo identity.,defer,A21N is assigned only to the baseline A321neo alias. A321LR must not use A21N as a direct alias and requires verified aircraft-level model evidence before resolution or unlock. Do not seed until that aircraft-level evidence path is implemented and reviewed.,,
Airbus,A320 Family,A321XLR,A21N,A321XLR|A321 XLR|Airbus A321XLR,Passenger Jet,collectible,ICAO Doc 8643 lookup; Airbus product pages; independent aviation reference review,low,Deferred from M0 seed consideration because A21N cannot distinguish A321XLR from the approved baseline A321neo identity.,defer,A21N is assigned only to the baseline A321neo alias. A321XLR must not use A21N as a direct alias and requires verified aircraft-level model evidence before resolution or unlock. Service-status evidence must also be rechecked before approval.,,
Airbus,A330 Family,A330-200,A332,A332|A330-200|Airbus A330-200,Passenger Jet,collectible,ICAO Doc 8643 lookup; Airbus product pages; prototype catalog sanity check,medium,Approved as an M0 catalog identity: common widebody passenger candidate.,approved,"Freighter conversions and A330 MRTT must not resolve to this passenger candidate from type code alone. Approval does not authorize seeding until alias normalization, collision checks, and all seed-gate checks pass.",,
Airbus,A330 Family,A330-300,A333,A333|A330-300|Airbus A330-300,Passenger Jet,collectible,ICAO Doc 8643 lookup; Airbus product pages; prototype catalog sanity check,medium,Approved as an M0 catalog identity: common widebody passenger candidate.,approved,"Verify canonical punctuation and exclude converted freighter identities where known. Approval does not authorize seeding until alias normalization, collision checks, and all seed-gate checks pass.",,
Airbus,A330 Family,A330-800,A338,A338|A330-800|A330-800neo|Airbus A330-800,Passenger Jet,collectible,ICAO Doc 8643 lookup; Airbus product pages; prototype catalog sanity check,medium,Approved as an M0 catalog identity: distinct current-generation widebody candidate.,approved,"Small fleet; verify whether canonical name includes the neo suffix. Approval does not authorize seeding until alias normalization, collision checks, and all seed-gate checks pass.",,
Airbus,A330 Family,A330-900,A339,A339|A330-900|A330-900neo|Airbus A330-900,Passenger Jet,collectible,ICAO Doc 8643 lookup; Airbus product pages; prototype catalog sanity check,medium,Approved as an M0 catalog identity: common current-generation widebody candidate.,approved,"Verify whether canonical name includes the neo suffix. Approval does not authorize seeding until alias normalization, collision checks, and all seed-gate checks pass.",,
Airbus,A350 Family,A350-900,A359,A359|A350-900|Airbus A350-900,Passenger Jet,collectible,ICAO Doc 8643 lookup; Airbus product pages; prototype catalog sanity check,medium,Approved as an M0 catalog identity: common current long-haul passenger candidate.,approved,"ULR configurations may need aircraft-level metadata but should not automatically become separate variants. Approval does not authorize seeding until alias normalization, collision checks, and all seed-gate checks pass.",,
Airbus,A350 Family,A350-1000,A35K,A35K|A350-1000|Airbus A350-1000,Passenger Jet,collectible,ICAO Doc 8643 lookup; Airbus product pages; prototype catalog sanity check,medium,Approved as an M0 catalog identity: current long-haul passenger candidate with distinct designator.,approved,"Verify aliases and keep future freighter derivatives separate. Approval does not authorize seeding until alias normalization, collision checks, and all seed-gate checks pass.",,
Airbus,A380 Family,A380-800,A388,A388|A380-800|Airbus A380-800,Passenger Jet,collectible,ICAO Doc 8643 lookup; Airbus history pages; prototype catalog sanity check,medium,Approved as an M0 catalog identity: iconic in-service passenger type with strong gameplay value.,approved,"Production has ended but the type remains operational; review collectible versus legacy policy. Approval does not authorize seeding until alias normalization, collision checks, and all seed-gate checks pass.",,
Boeing,717 Family,717-200,B712,B712|717-200|Boeing 717-200,Passenger Jet,collectible,ICAO Doc 8643 lookup; Boeing history pages; prototype catalog sanity check,medium,"Promoted to collectible on July 7, 2026 under the measurable legacy rule: production ended but reasonable catch expectation remains.",approved,"Limited current operation; review whether collectible or legacy catalog status is more appropriate. Promoted legacy -> collectible July 7, 2026; existing catches and unlock history remain valid per DEX_ENGINE.","~90 active; scheduled passenger service (Delta, Hawaiian). Evidence: rarity_preassignment_draft.csv estimate + operator service check (July 2026 general fleet knowledge); verify at annual re-review.",2026-07-07
Boeing,737 Family,737-600,B736,B736|737-600|Boeing 737-600,Passenger Jet,legacy,ICAO Doc 8643 lookup; Boeing commercial/history pages; prototype catalog sanity check,medium,Accepted as a legacy catalog identity: distinct 737 NG passenger candidate.,legacy,Limited current fleet; verify catalog status. Accepted as legacy and excluded from primary Dex completion; seed eligibility still requires the documented seed gate.,~12 active; limited scheduled service (Tassili). Borderline: revisit with real catch data. Evidence: rarity_preassignment_draft.csv estimate + operator service check (July 2026 general fleet knowledge); verify at annual re-review.,2026-07-07
Boeing,737 Family,737-700,B737,B737|737-700|Boeing 737-700|737-700ER,Passenger Jet,collectible,ICAO Doc 8643 lookup; Boeing commercial pages; prototype catalog sanity check,medium,Approved as an M0 catalog identity: common 737 NG candidate.,approved,"B737 may include 737-700ER and role-specific derivatives; review whether those remain aliases or separate records. Approval does not authorize seeding until alias normalization, collision checks, and all seed-gate checks pass.",,
Boeing,737 Family,737-800,B738,B738|737-800|Boeing 737-800|737 800,Passenger Jet,collectible,ICAO Doc 8643 lookup; Boeing commercial pages; prototype catalog sanity check,medium,Approved as an M0 catalog identity: very common passenger type and core resolver baseline.,approved,"Passenger aircraft and converted freighters can share B738; aircraft-level metadata must control role resolution. Approval does not authorize seeding until alias normalization, collision checks, and all seed-gate checks pass.",,
Boeing,737 Family,737-400,B734,B734|737-400|Boeing 737-400,Passenger Jet,collectible,ICAO Doc 8643 lookup; Boeing commercial/history pages; Identity Review alpha expansion,medium,"Promoted to collectible on July 7, 2026 under the measurable legacy rule: production ended but reasonable catch expectation remains.",approved,Older 737 Classic variant accepted as legacy and excluded from primary Dex completion; seed eligibility still requires the documented seed gate.,~90 active; regular cargo operations. Evidence: rarity_preassignment_draft.csv estimate + operator service check (July 2026 general fleet knowledge); verify at annual re-review.,2026-07-07
Boeing,737 Family,737-900 / 737-900ER,B739,B739|737-900 / 737-900ER|737-900|737-900ER|Boeing 737-900 / 737-900ER,Passenger Jet,collectible,ICAO Doc 8643 lookup; Boeing commercial/history pages; Identity Review alpha expansion,medium,Approved as a combined resolver-safe identity because B739 cannot safely distinguish 737-900 from 737-900ER in all cases.,approved,B739 intentionally belongs to exactly one combined 737-900 / 737-900ER catalog row. Do not seed separate 737-900 and 737-900ER rows without aircraft-level model evidence and a future catalog review.,,
Boeing,737 Family,737 MAX 7,B37M,B37M|737 MAX 7|737-7|Boeing 737 MAX 7,Passenger Jet,collectible,ICAO Doc 8643 lookup; Boeing commercial pages; prototype catalog sanity check,low,Deferred from M0 seed consideration: future/current-program candidate useful for catalog completeness review.,defer,"Verify current certification and service status before any seed decision. Do not seed until the stated resolver, source, service-status, or aircraft-level evidence requirement is implemented and reviewed.",,
Boeing,737 Family,737 MAX 8,B38M,B38M|737 MAX 8|737-8|Boeing 737 MAX 8,Passenger Jet,collectible,ICAO Doc 8643 lookup; Boeing commercial pages; prototype catalog sanity check,medium,Approved as an M0 catalog identity: common current passenger candidate.,approved,"Review marketed 737-8 naming and exclude military derivatives. Approval does not authorize seeding until alias normalization, collision checks, and all seed-gate checks pass.",,
Boeing,737 Family,737 MAX 9,B39M,B39M|737 MAX 9|737-9|Boeing 737 MAX 9,Passenger Jet,collectible,ICAO Doc 8643 lookup; Boeing commercial pages; prototype catalog sanity check,medium,Approved as an M0 catalog identity: current passenger candidate with distinct designator.,approved,"Review marketed 737-9 naming. Approval does not authorize seeding until alias normalization, collision checks, and all seed-gate checks pass.",,
Boeing,737 Family,737 MAX 10,B3XM,B3XM|737 MAX 10|737-10|Boeing 737 MAX 10,Passenger Jet,collectible,ICAO Doc 8643 lookup; Boeing commercial pages; prototype catalog sanity check,low,Deferred from M0 seed consideration: future/current-program candidate useful for family completion review.,defer,"Verify current certification and service status before any seed decision. Do not seed until the stated resolver, source, service-status, or aircraft-level evidence requirement is implemented and reviewed.",,
Boeing,747 Family,747-8 Intercontinental,B748,747-8I|747-8 Intercontinental|Boeing 747-8I,Passenger Jet,collectible,ICAO Doc 8643 lookup; Boeing history pages; independent aviation reference review,low,Deferred from M0 seed consideration: iconic passenger candidate still represented in active fleets.,defer,"B748 is shared with the 747-8F; type code alone cannot establish passenger versus freighter role. Do not seed until the stated resolver, source, service-status, or aircraft-level evidence requirement is implemented and reviewed.",,
Boeing,757 Family,757-200,B752,B752|757-200|Boeing 757-200,Passenger Jet,collectible,ICAO Doc 8643 lookup; Boeing history pages; prototype catalog sanity check,medium,Deferred from M0 seed consideration: commonly spotted passenger candidate with strong gameplay value.,defer,"B752 is also used by freighter and converted aircraft; role requires aircraft-level metadata. Do not seed until the stated resolver, source, service-status, or aircraft-level evidence requirement is implemented and reviewed.",,
Boeing,757 Family,757-300,B753,B753|757-300|Boeing 757-300,Passenger Jet,collectible,ICAO Doc 8643 lookup; Boeing history pages; prototype catalog sanity check,medium,Approved as an M0 catalog identity: distinct stretched passenger candidate.,approved,"Verify current operator coverage and catalog status. Approval does not authorize seeding until alias normalization, collision checks, and all seed-gate checks pass.",,
Boeing,767 Family,767-300,B763,B763|767-300|Boeing 767-300|767-300ER,Passenger Jet,collectible,ICAO Doc 8643 lookup; Boeing history pages; prototype catalog sanity check,low,Deferred from M0 seed consideration: common widebody candidate with broad spotting coverage.,defer,"B763 spans passenger ER aircraft and freighters; ICAO code alone is too coarse. Do not seed until the stated resolver, source, service-status, or aircraft-level evidence requirement is implemented and reviewed.",,
Boeing,767 Family,767-400ER,B764,B764|767-400ER|Boeing 767-400ER,Passenger Jet,collectible,ICAO Doc 8643 lookup; Boeing history pages; prototype catalog sanity check,medium,Approved as an M0 catalog identity: distinct passenger widebody candidate.,approved,"Verify canonical inclusion of ER suffix. Approval does not authorize seeding until alias normalization, collision checks, and all seed-gate checks pass.",,
Boeing,777 Family,777-200,B772,777-200|Boeing 777-200,Passenger Jet,collectible,ICAO Doc 8643 lookup; Boeing commercial/history pages; prototype catalog sanity check,low,Merge required before approval: original passenger variant retained as a separate gameplay candidate.,merge,B772 is shared with 777-200ER; ICAO code alone cannot distinguish these candidates. Do not seed as a separate identity; define and review the merged canonical identity first.,,
Boeing,777 Family,777-200ER,B772,777-200ER|Boeing 777-200ER,Passenger Jet,collectible,ICAO Doc 8643 lookup; Boeing commercial/history pages; independent aviation reference review,low,Merge required before approval: common extended-range passenger candidate kept separate for review.,merge,B772 is shared with 777-200; require aircraft-level model evidence before variant resolution. Do not seed as a separate identity; define and review the merged canonical identity first.,,
Boeing,777 Family,777-200LR,B77L,B77L|777-200LR|Boeing 777-200LR,Passenger Jet,collectible,ICAO Doc 8643 lookup; Boeing commercial pages; prototype catalog sanity check,medium,Approved as an M0 catalog identity: distinct long-range passenger candidate.,approved,"B77L may be confused with freighter-related source text; verify aircraft-level model. Approval does not authorize seeding until alias normalization, collision checks, and all seed-gate checks pass.",,
Boeing,777 Family,777-300,B773,B773|777-300|Boeing 777-300,Passenger Jet,collectible,ICAO Doc 8643 lookup; Boeing commercial/history pages; prototype catalog sanity check,medium,Approved as an M0 catalog identity: distinct original 777-300 passenger candidate.,approved,"Review current operation and collectible status. Approval does not authorize seeding until alias normalization, collision checks, and all seed-gate checks pass.",,
Boeing,777 Family,777-300ER,B77W,B77W|777-300ER|Boeing 777-300ER,Passenger Jet,collectible,ICAO Doc 8643 lookup; Boeing commercial pages; prototype catalog sanity check,medium,Approved as an M0 catalog identity: very common long-haul passenger candidate.,approved,"Canonical punctuation and alias normalization need review. Approval does not authorize seeding until alias normalization, collision checks, and all seed-gate checks pass.",,
Boeing,787 Family,787-8,B788,B788|787-8|Boeing 787-8|Dreamliner 787-8,Passenger Jet,collectible,ICAO Doc 8643 lookup; Boeing commercial pages; prototype catalog sanity check,medium,Approved as an M0 catalog identity: common current passenger candidate.,approved,"Dreamliner marketing aliases should normalize without becoming separate variants. Approval does not authorize seeding until alias normalization, collision checks, and all seed-gate checks pass.",,
Boeing,787 Family,787-9,B789,B789|787-9|Boeing 787-9|Dreamliner 787-9,Passenger Jet,collectible,ICAO Doc 8643 lookup; Boeing commercial pages; prototype catalog sanity check,medium,Approved as an M0 catalog identity: common current passenger candidate.,approved,"Dreamliner marketing aliases should normalize without becoming separate variants. Approval does not authorize seeding until alias normalization, collision checks, and all seed-gate checks pass.",,
Boeing,787 Family,787-10,B78X,B78X|787-10|Boeing 787-10|Dreamliner 787-10,Passenger Jet,collectible,ICAO Doc 8643 lookup; Boeing commercial pages; prototype catalog sanity check,medium,Approved as an M0 catalog identity: current passenger candidate with distinct designator.,approved,"Dreamliner marketing aliases should normalize without becoming separate variants. Approval does not authorize seeding until alias normalization, collision checks, and all seed-gate checks pass.",,
Embraer,ERJ Family,ERJ-135,E135,E135|ERJ-135|Embraer ERJ-135,Passenger Jet,collectible,ICAO Doc 8643 lookup; Embraer product/history pages; prototype catalog sanity check,medium,Approved as an M0 catalog identity: recognizable regional passenger candidate.,approved,"Some airframes serve business or government roles; aircraft-level role should not alter canonical variant. Approval does not authorize seeding until alias normalization, collision checks, and all seed-gate checks pass.",,
Embraer,ERJ Family,ERJ-140,E135,ERJ-140|Embraer ERJ-140,Passenger Jet,collectible,ICAO Doc 8643 lookup; Embraer history pages; independent aviation reference review,low,Merge required before approval: unresolved ICAO mapping requires external verification before this candidate can be approved.,merge,"E135 is informational only and must not be seeded as a direct resolver alias for ERJ-140. The ICAO mapping must be externally verified before approval; if ERJ-140 cannot be safely distinguished from ERJ-135, this candidate must be merged or deferred. Do not seed as a separate identity; define and review the merged canonical identity first.",,
Embraer,ERJ Family,ERJ-145,E145,E145|ERJ-145|Embraer ERJ-145,Passenger Jet,collectible,ICAO Doc 8643 lookup; Embraer product/history pages; prototype catalog sanity check,medium,Approved as an M0 catalog identity: common regional passenger candidate.,approved,"Military and special-mission derivatives require separate evidence. Approval does not authorize seeding until alias normalization, collision checks, and all seed-gate checks pass.",,
Embraer,E-Jet Family,E170,E170,E170|Embraer 170|Embraer E170|ERJ 170,Passenger Jet,collectible,ICAO Doc 8643 lookup; Embraer product pages; prototype catalog sanity check,medium,Approved as an M0 catalog identity: current regional passenger candidate.,approved,"Review ERJ-prefixed aliases and canonical E-Jet naming. Approval does not authorize seeding until alias normalization, collision checks, and all seed-gate checks pass.",,
Embraer,E-Jet Family,E175,E75L|E75S,E75L|E75S|E175|Embraer 175|Embraer E175,Passenger Jet,collectible,ICAO Doc 8643 lookup; Embraer product pages; independent aviation reference review,low,Approved as an M0 catalog identity: common regional passenger candidate with resolver-relevant code variation.,approved,"E75L and E75S identify long-wing and short-wing configurations; review whether both map to one collectible E175. Approval does not authorize seeding until alias normalization, collision checks, and all seed-gate checks pass.",,
Embraer,E-Jet Family,E190,E190,E190|Embraer 190|Embraer E190|ERJ 190,Passenger Jet,collectible,ICAO Doc 8643 lookup; Embraer product pages; prototype catalog sanity check,medium,Approved as an M0 catalog identity: common regional passenger candidate.,approved,"Source data may include non-airline derivatives; verify alias scope. Approval does not authorize seeding until alias normalization, collision checks, and all seed-gate checks pass.",,
Embraer,E-Jet Family,E195,E195,E195|Embraer 195|Embraer E195|ERJ 195,Passenger Jet,collectible,ICAO Doc 8643 lookup; Embraer product pages; prototype catalog sanity check,medium,Approved as an M0 catalog identity: current regional passenger candidate.,approved,"Review ERJ-prefixed aliases and canonical E-Jet naming. Approval does not authorize seeding until alias normalization, collision checks, and all seed-gate checks pass.",,
Embraer,E-Jet E2 Family,E190-E2,E290,E290|E190-E2|Embraer E190-E2,Passenger Jet,collectible,ICAO Doc 8643 lookup; Embraer product pages; prototype catalog sanity check,medium,Approved as an M0 catalog identity: current E2 passenger candidate.,approved,"Verify canonical hyphenation and alias normalization. Approval does not authorize seeding until alias normalization, collision checks, and all seed-gate checks pass.",,
Embraer,E-Jet E2 Family,E195-E2,E295,E295|E195-E2|Embraer E195-E2,Passenger Jet,collectible,ICAO Doc 8643 lookup; Embraer product pages; prototype catalog sanity check,medium,Approved as an M0 catalog identity: current E2 passenger candidate.,approved,"Verify canonical hyphenation and alias normalization. Approval does not authorize seeding until alias normalization, collision checks, and all seed-gate checks pass.",,
Embraer,Legacy Family,Legacy 600/650,E35L,E35L|Legacy 600|Legacy 650|Embraer Legacy 600/650,Business Jet,collectible,ICAO Doc 8643 lookup; Embraer product/history pages; Identity Review alpha expansion,medium,Approved as a new Embraer business jet family from Identity Review evidence.,approved,E35L intentionally resolves to Embraer Legacy 600/650 and must not alias to ERJ-145 or E145 even though the aircraft family lineage is related.,,
Bombardier,CRJ Family,CRJ100,CRJ1,CRJ1|CRJ100|CRJ-100|Canadair Regional Jet 100,Passenger Jet,legacy,ICAO Doc 8643 lookup; Bombardier history pages; prototype catalog sanity check,medium,Accepted as a legacy catalog identity: foundational CRJ candidate for family and alias testing.,legacy,Review limited current operation and whether catalog status should be legacy. Accepted as legacy and excluded from primary Dex completion; seed eligibility still requires the documented seed gate.,<10 active. Evidence: rarity_preassignment_draft.csv estimate + operator service check (July 2026 general fleet knowledge); verify at annual re-review.,2026-07-07
Bombardier,CRJ Family,CRJ200,CRJ2,CRJ2|CRJ200|CRJ-200|Canadair Regional Jet 200,Passenger Jet,collectible,ICAO Doc 8643 lookup; Bombardier history pages; prototype catalog sanity check,medium,"Promoted to collectible on July 7, 2026 under the measurable legacy rule: production ended but reasonable catch expectation remains.",approved,"Review current operation and whether catalog status should be legacy. Promoted legacy -> collectible July 7, 2026; existing catches and unlock history remain valid per DEX_ENGINE.",~250 active; large cargo-conversion fleet plus regional passenger survivors. Evidence: rarity_preassignment_draft.csv estimate + operator service check (July 2026 general fleet knowledge); verify at annual re-review.,2026-07-07
Bombardier,CRJ Family,CRJ700,CRJ7,CRJ7|CRJ700|CRJ-700|Canadair Regional Jet 700,Passenger Jet,collectible,ICAO Doc 8643 lookup; Bombardier history pages; prototype catalog sanity check,medium,Approved as an M0 catalog identity: common regional passenger candidate requested for the First 151.,approved,"Mitsubishi acquired the CRJ program support operation; retain Bombardier as manufacturer and keep support-history detail outside canonical manufacturer identity. Approval does not authorize seeding until alias normalization, collision checks, and all seed-gate checks pass.",,
Bombardier,CRJ Family,CRJ900,CRJ9,CRJ9|CRJ900|CRJ-900|Canadair Regional Jet 900,Passenger Jet,collectible,ICAO Doc 8643 lookup; Bombardier history pages; prototype catalog sanity check,medium,Approved as an M0 catalog identity: common regional passenger candidate.,approved,"Mitsubishi support history must not replace Bombardier as canonical manufacturer. Approval does not authorize seeding until alias normalization, collision checks, and all seed-gate checks pass.",,
Bombardier,CRJ Family,CRJ1000,CRJX,CRJX|CRJ1000|CRJ-1000|Canadair Regional Jet 1000,Passenger Jet,collectible,ICAO Doc 8643 lookup; Bombardier history pages; prototype catalog sanity check,medium,Approved as an M0 catalog identity: distinct stretched CRJ candidate requested for the First 151.,approved,"Mitsubishi support history belongs in metadata; verify current operation and catalog status. Approval does not authorize seeding until alias normalization, collision checks, and all seed-gate checks pass.",,
COMAC,C909 Family,C909,AJ27,AJ27|ARJ21|C909|COMAC C909|COMAC ARJ21,Passenger Jet,collectible,ICAO Doc 8643 lookup; COMAC product pages; independent aviation reference review,low,Rename required before approval: current regional passenger candidate with a recent naming transition.,rename,"Verify C909 versus ARJ21 canonical naming and whether AJ27 remains the current ICAO designator. Do not seed until the canonical manufacturer, series, family, or variant naming is revised and re-reviewed. Superseded by the C909 row (Wave A, July 7, 2026).",,
COMAC,C919 Family,C919,C919,C919|COMAC C919,Passenger Jet,collectible,ICAO Doc 8643 lookup; COMAC product pages; prototype catalog sanity check,medium,Approved as an M0 catalog identity: current passenger candidate with useful geographic coverage.,approved,"Verify current source naming and designator. Approval does not authorize seeding until alias normalization, collision checks, and all seed-gate checks pass.",,
Sukhoi,Superjet Family,Superjet 100,SU95,SU95|SSJ100|Superjet 100|Sukhoi Superjet 100,Passenger Jet,collectible,ICAO Doc 8643 lookup; manufacturer history pages; prototype catalog sanity check,medium,Rename required before approval: recognizable regional passenger candidate.,rename,"Manufacturer and current program naming may vary by source; verify canonical manufacturer policy. Do not seed until the canonical manufacturer, series, family, or variant naming is revised and re-reviewed. Superseded by the Superjet 100 row (Wave A, July 7, 2026).",,
Yakovlev,MC-21 Family,MC-21-300,MC23,MC23|MC-21-300|MC21-300|Yakovlev MC-21-300,Passenger Jet,collectible,ICAO Doc 8643 lookup; manufacturer product pages; independent aviation reference review,low,Deferred from M0 seed consideration: emerging passenger candidate useful for future-facing resolver tests.,defer,"Verify current ICAO designator, manufacturer naming, certification, and service status. Do not seed until the stated resolver, source, service-status, or aircraft-level evidence requirement is implemented and reviewed.",,
Antonov,An-148 Family,An-148,A148,A148|An-148|Antonov An-148,Passenger Jet,collectible,ICAO Doc 8643 lookup; Antonov history pages; independent aviation reference review,medium,Deferred from M0 seed consideration: recognizable regional passenger candidate.,defer,"Limited current operation; review collectible versus legacy status. Do not seed until the stated resolver, source, service-status, or aircraft-level evidence requirement is implemented and reviewed.",,
Antonov,An-148 Family,An-158,A158,A158|An-158|Antonov An-158,Passenger Jet,collectible,ICAO Doc 8643 lookup; Antonov history pages; independent aviation reference review,medium,Deferred from M0 seed consideration: distinct stretched regional passenger candidate.,defer,"Limited fleet; verify gameplay value and current operation. Do not seed until the stated resolver, source, service-status, or aircraft-level evidence requirement is implemented and reviewed.",,
Tupolev,Tu-204 Family,Tu-204,T204,T204|Tu-204|Tupolev Tu-204,Passenger Jet,collectible,ICAO Doc 8643 lookup; manufacturer history pages; prototype catalog sanity check,medium,Deferred from M0 seed consideration: recognizable passenger candidate with resolver value.,defer,"Cargo and government variants share family naming; verify role and variant boundaries. Do not seed until the stated resolver, source, service-status, or aircraft-level evidence requirement is implemented and reviewed.",,
Tupolev,Tu-204 Family,Tu-214,T214,T214|Tu-214|Tupolev Tu-214,Passenger Jet,collectible,ICAO Doc 8643 lookup; manufacturer history pages; prototype catalog sanity check,medium,Deferred from M0 seed consideration: distinct passenger/government-family candidate.,defer,"Many aircraft have government or special roles; review Passenger Jet category and catalog policy. Do not seed until the stated resolver, source, service-status, or aircraft-level evidence requirement is implemented and reviewed.",,
Ilyushin,Il-96 Family,Il-96-300,IL96,IL96|Il-96-300|Ilyushin Il-96-300,Passenger Jet,collectible,ICAO Doc 8643 lookup; manufacturer history pages; prototype catalog sanity check,low,Deferred from M0 seed consideration: iconic widebody candidate with ongoing limited operation.,defer,"IL96 may be too coarse for subvariant resolution; verify current passenger versus government use. Do not seed until the stated resolver, source, service-status, or aircraft-level evidence requirement is implemented and reviewed.",,
BAe / Avro,BAe 146 Family,Avro RJ85,RJ85,RJ85|Avro RJ85|BAe Avro RJ85,Passenger Jet,collectible,ICAO Doc 8643 lookup; manufacturer history pages; prototype catalog sanity check,medium,Rename required before approval: recognizable regional passenger candidate still encountered in service.,rename,"Firefighting conversions and special roles require aircraft-level metadata. Do not seed until the canonical manufacturer, series, family, or variant naming is revised and re-reviewed. Superseded by the Avro RJ85 row (Wave A, July 7, 2026).",,
BAe / Avro,BAe 146 Family,Avro RJ100,RJ1H,RJ1H|Avro RJ100|BAe Avro RJ100,Passenger Jet,collectible,ICAO Doc 8643 lookup; manufacturer history pages; prototype catalog sanity check,medium,Rename required before approval: distinct regional passenger candidate.,rename,"Limited current operation; review collectible versus legacy status. Do not seed until the canonical manufacturer, series, family, or variant naming is revised and re-reviewed. Superseded by the Avro RJ100 row (Wave A, July 7, 2026).",,
Fokker,Fokker Jet Family,Fokker 70,F70,F70|Fokker 70,Passenger Jet,legacy,ICAO Doc 8643 lookup; Fokker history pages; prototype catalog sanity check,medium,Accepted as a legacy catalog identity: recognizable regional passenger candidate.,legacy,Limited current operation; review collectible versus legacy status. Accepted as legacy and excluded from primary Dex completion; seed eligibility still requires the documented seed gate.,~18 active; limited scheduled service (Air Niugini). Borderline: revisit with real catch data. Evidence: rarity_preassignment_draft.csv estimate + operator service check (July 2026 general fleet knowledge); verify at annual re-review.,2026-07-07
Fokker,Fokker Jet Family,Fokker 100,F100,F100|Fokker 100,Passenger Jet,collectible,ICAO Doc 8643 lookup; Fokker history pages; prototype catalog sanity check,medium,"Promoted to collectible on July 7, 2026 under the measurable legacy rule: production ended but reasonable catch expectation remains.",approved,"Limited current operation; review collectible versus legacy status. Promoted legacy -> collectible July 7, 2026; existing catches and unlock history remain valid per DEX_ENGINE.",~90 active; scheduled passenger service (Alliance Airlines and others). Evidence: rarity_preassignment_draft.csv estimate + operator service check (July 2026 general fleet knowledge); verify at annual re-review.,2026-07-07
Dornier,328 Family,328JET,J328,J328|328JET|Dornier 328JET|Fairchild Dornier 328JET,Passenger Jet,collectible,ICAO Doc 8643 lookup; manufacturer history pages; prototype catalog sanity check,medium,Rename required before approval: useful regional-jet resolver candidate.,rename,"Canonical manufacturer naming varies between Dornier and Fairchild Dornier. Do not seed until the canonical manufacturer, series, family, or variant naming is revised and re-reviewed. Superseded by the Dornier 328JET row (Wave A, July 7, 2026).",,
McDonnell Douglas,MD-11 Family,MD-11,MD11,MD-11|McDonnell Douglas MD-11,Passenger Jet,legacy,ICAO Doc 8643 lookup; manufacturer history pages; independent aviation reference review,low,Accepted as a legacy catalog identity: legacy passenger MD-11 candidate documents the shared coarse type-code boundary.,legacy,MD11 is informational only and must not directly resolve to the passenger MD-11. Passenger identity requires aircraft-level model and historical role evidence because MD11 is shared with freighter and converted aircraft. Accepted as legacy and excluded from primary Dex completion; seed eligibility still requires the documented seed gate.,0 passenger airframes; the active freighter fleet belongs to the deferred MD-11F row. Evidence: rarity_preassignment_draft.csv estimate + operator service check (July 2026 general fleet knowledge); verify at annual re-review.,2026-07-07
ATR,ATR 42 Family,ATR 42-300,AT43,AT43|ATR 42-300|ATR42-300,Passenger Turboprop,collectible,ICAO Doc 8643 lookup; ATR history pages; prototype catalog sanity check,medium,"Promoted to collectible on July 7, 2026 under the measurable legacy rule: production ended but reasonable catch expectation remains.",approved,"Older subvariant; review collectible versus legacy status. Promoted legacy -> collectible July 7, 2026; existing catches and unlock history remain valid per DEX_ENGINE.",~40 active; regular cargo feeder operations. Evidence: rarity_preassignment_draft.csv estimate + operator service check (July 2026 general fleet knowledge); verify at annual re-review.,2026-07-07
ATR,ATR 42 Family,ATR 42-500,AT45,AT45|ATR 42-500|ATR42-500,Passenger Turboprop,collectible,ICAO Doc 8643 lookup; ATR product/history pages; prototype catalog sanity check,medium,Approved as an M0 catalog identity: common passenger turboprop candidate.,approved,"Verify subtype boundaries and canonical spacing. Approval does not authorize seeding until alias normalization, collision checks, and all seed-gate checks pass.",,
ATR,ATR 42 Family,ATR 42-600,AT46,AT46|ATR 42-600|ATR42-600,Passenger Turboprop,collectible,ICAO Doc 8643 lookup; ATR product pages; prototype catalog sanity check,medium,Approved as an M0 catalog identity: current passenger turboprop candidate.,approved,"Verify canonical spacing and alias normalization. Approval does not authorize seeding until alias normalization, collision checks, and all seed-gate checks pass.",,
ATR,ATR 72 Family,ATR 72-200,AT72,AT72|ATR 72-200|ATR72-200,Passenger Turboprop,collectible,ICAO Doc 8643 lookup; ATR history pages; prototype catalog sanity check,medium,"Promoted to collectible on July 7, 2026 under the measurable legacy rule: production ended but reasonable catch expectation remains.",approved,"AT72 may be used broadly in source data; verify exact subvariant mapping. Promoted legacy -> collectible July 7, 2026; existing catches and unlock history remain valid per DEX_ENGINE.",~50 active; regular cargo operations. Evidence: rarity_preassignment_draft.csv estimate + operator service check (July 2026 general fleet knowledge); verify at annual re-review.,2026-07-07
ATR,ATR 72 Family,ATR 72-500,AT75,AT75|ATR 72-500|ATR72-500,Passenger Turboprop,collectible,ICAO Doc 8643 lookup; ATR product/history pages; prototype catalog sanity check,medium,Approved as an M0 catalog identity: common passenger turboprop candidate.,approved,"Verify subtype boundaries and canonical spacing. Approval does not authorize seeding until alias normalization, collision checks, and all seed-gate checks pass.",,
ATR,ATR 72 Family,ATR 72-600,AT76,AT76|ATR 72-600|ATR72-600,Passenger Turboprop,collectible,ICAO Doc 8643 lookup; ATR product pages; prototype catalog sanity check,medium,Approved as an M0 catalog identity: very common current passenger turboprop candidate.,approved,"Verify canonical spacing and alias normalization. Approval does not authorize seeding until alias normalization, collision checks, and all seed-gate checks pass.",,
De Havilland Canada,Dash 8 Family,Dash 8-100,DH8A,DH8A|Dash 8-100|DHC-8-100,Passenger Turboprop,collectible,ICAO Doc 8643 lookup; De Havilland Canada history pages; prototype catalog sanity check,medium,"Promoted to collectible on July 7, 2026 under the measurable legacy rule: production ended but reasonable catch expectation remains.",approved,"Limited current operation; review collectible versus legacy status. Promoted legacy -> collectible July 7, 2026; existing catches and unlock history remain valid per DEX_ENGINE.",~100 active; scheduled northern operations. Evidence: rarity_preassignment_draft.csv estimate + operator service check (July 2026 general fleet knowledge); verify at annual re-review.,2026-07-07
De Havilland Canada,Dash 8 Family,Dash 8-200,DH8B,DH8B|Dash 8-200|DHC-8-200,Passenger Turboprop,collectible,ICAO Doc 8643 lookup; De Havilland Canada history pages; prototype catalog sanity check,medium,"Promoted to collectible on July 7, 2026 under the measurable legacy rule: production ended but reasonable catch expectation remains.",approved,"Limited fleet; verify gameplay value. Promoted legacy -> collectible July 7, 2026; existing catches and unlock history remain valid per DEX_ENGINE.",~55 active; scheduled regional operations. Evidence: rarity_preassignment_draft.csv estimate + operator service check (July 2026 general fleet knowledge); verify at annual re-review.,2026-07-07
De Havilland Canada,Dash 8 Family,Dash 8-300,DH8C,DH8C|Dash 8-300|DHC-8-300,Passenger Turboprop,collectible,ICAO Doc 8643 lookup; De Havilland Canada history pages; prototype catalog sanity check,medium,Approved as an M0 catalog identity: recognizable Dash 8 passenger candidate.,approved,"Special-mission and converted aircraft require aircraft-level metadata. Approval does not authorize seeding until alias normalization, collision checks, and all seed-gate checks pass.",,
De Havilland Canada,Dash 8 Family,Dash 8-400,DH8D,DH8D|Dash 8-400|DHC-8-400|DHC-8-Q400|Q400,Passenger Turboprop,collectible,ICAO Doc 8643 lookup; De Havilland Canada product/history pages; prototype catalog sanity check,medium,Approved as an M0 catalog identity: common passenger turboprop and important alias-normalization case.,approved,"DH8D appears under Q400, DHC-8-Q400, DHC-8-400, and Dash 8-400 naming; select one canonical name without losing aliases. Approval does not authorize seeding until alias normalization, collision checks, and all seed-gate checks pass.",,
Saab,Saab 340 Family,Saab 340,SF34,SF34|Saab 340,Passenger Turboprop,collectible,ICAO Doc 8643 lookup; Saab history pages; prototype catalog sanity check,medium,Approved as an M0 catalog identity: commonly recognized regional turboprop candidate.,approved,"Passenger and cargo-converted aircraft share the designator; role needs aircraft-level metadata. Approval does not authorize seeding until alias normalization, collision checks, and all seed-gate checks pass.",,
Saab,Saab 2000 Family,Saab 2000,SB20,SB20|Saab 2000,Passenger Turboprop,legacy,ICAO Doc 8643 lookup; Saab history pages; prototype catalog sanity check,medium,Accepted as a legacy catalog identity: distinct high-speed regional turboprop candidate.,legacy,Limited current operation; review collectible versus legacy status. Accepted as legacy and excluded from primary Dex completion; seed eligibility still requires the documented seed gate.,~18 active; sparse activity. Evidence: rarity_preassignment_draft.csv estimate + operator service check (July 2026 general fleet knowledge); verify at annual re-review.,2026-07-07
Fokker,Fokker 50 Family,Fokker 50,F50,F50|Fokker 50,Passenger Turboprop,collectible,ICAO Doc 8643 lookup; Fokker history pages; prototype catalog sanity check,medium,"Promoted to collectible on July 7, 2026 under the measurable legacy rule: production ended but reasonable catch expectation remains.",approved,"Passenger and cargo roles may share the type code. Promoted legacy -> collectible July 7, 2026; existing catches and unlock history remain valid per DEX_ENGINE.",~50 active; regular cargo and regional operations. Evidence: rarity_preassignment_draft.csv estimate + operator service check (July 2026 general fleet knowledge); verify at annual re-review.,2026-07-07
Embraer,EMB 120 Family,EMB 120 Brasilia,E120,E120|EMB 120|Brasilia|Embraer EMB 120,Passenger Turboprop,legacy,ICAO Doc 8643 lookup; Embraer history pages; independent aviation reference review,medium,Accepted as a legacy catalog identity: recognizable regional turboprop candidate.,legacy,Cargo conversions and special roles require aircraft-level metadata. Accepted as legacy and excluded from primary Dex completion; seed eligibility still requires the documented seed gate.,~60 active; US cargo feeder operations. Borderline: revisit with real catch data. Evidence: rarity_preassignment_draft.csv estimate + operator service check (July 2026 general fleet knowledge); verify at annual re-review.,2026-07-07
Dornier,328 Family,Dornier 328,D328,D328|Dornier 328|Do 328,Passenger Turboprop,collectible,ICAO Doc 8643 lookup; manufacturer history pages; prototype catalog sanity check,medium,Rename required before approval: useful regional turboprop resolver candidate.,rename,"Canonical manufacturer naming and Do versus Dornier aliases need review. Do not seed until the canonical manufacturer, series, family, or variant naming is revised and re-reviewed. Superseded by the Dornier 328 row (Wave A, July 7, 2026).",,
Beechcraft,1900 Family,Beechcraft 1900,BE19,BE19|Beech 1900|Beechcraft 1900|B1900,Passenger Turboprop,collectible,ICAO Doc 8643 lookup; Textron Aviation history pages; independent aviation reference review,low,Split required before approval: common commuter-aircraft candidate useful for regional coverage.,split,Verify ICAO designator and whether 1900C and 1900D should remain one collectible. Do not seed until the proposed row is split into resolver-safe candidate identities and re-reviewed.,,
LET,L-410 Family,L-410 Turbolet,L410,L410|L-410|LET L-410|Turbolet,Passenger Turboprop,collectible,ICAO Doc 8643 lookup; Aircraft Industries product pages; independent aviation reference review,medium,Split required before approval: common utility and regional passenger turboprop candidate.,split,Multiple subvariants and utility roles share family naming; verify collectible boundary. Do not seed until the proposed row is split into resolver-safe candidate identities and re-reviewed.,,
Xian,MA60 Family,MA60,MA60,MA60|Xian MA60|Xi'an MA60,Passenger Turboprop,collectible,ICAO Doc 8643 lookup; manufacturer product/history pages; independent aviation reference review,low,Deferred from M0 seed consideration: regional passenger candidate broadening geographic coverage.,defer,"Verify manufacturer spelling, source availability, and ICAO designator. Do not seed until the stated resolver, source, service-status, or aircraft-level evidence requirement is implemented and reviewed.",,
Airbus,A300 Family,A300-600F,A306,A300-600F|Airbus A300-600F|A300F,Cargo Jet,collectible,ICAO Doc 8643 lookup; Airbus history pages; independent aviation reference review,low,Deferred from M0 seed consideration: common dedicated or converted freighter candidate with gameplay value.,defer,"A306 is shared with passenger A300-600 aircraft. It must not automatically unlock A300-600F from type code alone; require aircraft-level model and freighter-role evidence. Do not seed until the stated resolver, source, service-status, or aircraft-level evidence requirement is implemented and reviewed.",,
Airbus,A330 Family,A330-200F,A332,A330-200F|Airbus A330-200F|A330F,Cargo Jet,collectible,ICAO Doc 8643 lookup; Airbus product/history pages; independent aviation reference review,low,Deferred from M0 seed consideration: recognizable widebody freighter candidate.,defer,"A332 is shared with passenger A330-200 aircraft. It must not automatically unlock A330-200F from type code alone; require aircraft-level model and freighter-role evidence. Do not seed until the stated resolver, source, service-status, or aircraft-level evidence requirement is implemented and reviewed.",,
Boeing,737 Family,737-800BCF,B738,737-800BCF|737-800 BCF|Boeing Converted Freighter 737-800,Cargo Jet,collectible,ICAO Doc 8643 lookup; Boeing converted freighter pages; independent aviation reference review,low,Deferred from M0 seed consideration: common converted freighter candidate.,defer,"B738 is shared with passenger 737-800 aircraft. It must not automatically unlock 737-800BCF from type code alone; require aircraft-level conversion evidence. Do not seed until the stated resolver, source, service-status, or aircraft-level evidence requirement is implemented and reviewed.",,
Boeing,747 Freighter Family,747-400F,B744,747-400F|Boeing 747-400F,Cargo Jet,collectible,ICAO Doc 8643 lookup; Boeing history pages; independent aviation reference review,low,Deferred from M0 seed consideration: iconic and commonly recognized freighter candidate.,defer,"B744 is shared with passenger and converted 747-400 variants. It must not automatically unlock 747-400F from type code alone; require aircraft-level model and freighter-role evidence. Do not seed until the stated resolver, source, service-status, or aircraft-level evidence requirement is implemented and reviewed.",,
Boeing,747 Freighter Family,747-8F,B748,747-8F|Boeing 747-8F,Cargo Jet,collectible,ICAO Doc 8643 lookup; Boeing commercial/history pages; independent aviation reference review,low,Deferred from M0 seed consideration: current heavy-freighter candidate with strong gameplay value.,defer,"B748 is shared with 747-8 Intercontinental. It must not automatically unlock 747-8F from type code alone; require aircraft-level model and freighter-role evidence. Do not seed until the stated resolver, source, service-status, or aircraft-level evidence requirement is implemented and reviewed.",,
Boeing,757 Freighter Family,757-200F,B752,757-200F|Boeing 757-200F|757F,Cargo Jet,collectible,ICAO Doc 8643 lookup; Boeing history pages; independent aviation reference review,low,Deferred from M0 seed consideration: common narrowbody freighter candidate.,defer,"B752 is shared with passenger and converted aircraft. It must not automatically unlock 757-200F from type code alone; require aircraft-level model or conversion evidence. Do not seed until the stated resolver, source, service-status, or aircraft-level evidence requirement is implemented and reviewed.",,
Boeing,767 Freighter Family,767-300F,B763,767-300F|Boeing 767-300F|767F,Cargo Jet,collectible,ICAO Doc 8643 lookup; Boeing commercial/history pages; independent aviation reference review,low,Deferred from M0 seed consideration: common widebody freighter candidate.,defer,"B763 is shared with passenger and converted aircraft. It must not automatically unlock 767-300F from type code alone; require aircraft-level model or conversion evidence. Do not seed until the stated resolver, source, service-status, or aircraft-level evidence requirement is implemented and reviewed.",,
Boeing,777 Freighter Family,777F,B77F,B77F|777F|777 Freighter|Boeing 777F,Cargo Jet,collectible,ICAO Doc 8643 lookup; Boeing commercial pages; prototype catalog sanity check,medium,Approved as an M0 catalog identity: distinct heavy-freighter candidate with its own designator.,approved,"Verify canonical display name and keep future 777-8F separate. Approval does not authorize seeding until alias normalization, collision checks, and all seed-gate checks pass.",,
McDonnell Douglas,MD-11 Family,MD-11F,MD11,MD-11F|McDonnell Douglas MD-11F,Cargo Jet,collectible,ICAO Doc 8643 lookup; manufacturer history pages; independent aviation reference review,low,Deferred from M0 seed consideration: iconic active freighter candidate with strong gameplay value.,defer,"MD11 is informational only and must not directly resolve to MD-11F. Freighter or conversion identity requires aircraft-level model, role, or conversion evidence. Do not seed until the stated resolver, source, service-status, or aircraft-level evidence requirement is implemented and reviewed.",,
McDonnell Douglas,DC-10 Family,DC-10F,DC10,DC-10F|McDonnell Douglas DC-10F,Cargo Jet,collectible,ICAO Doc 8643 lookup; manufacturer history pages; independent aviation reference review,low,Deferred from M0 seed consideration: iconic freighter candidate and resolver edge case.,defer,"DC10 is informational only and must not directly resolve to DC-10F. The shared coarse code cannot distinguish passenger, freighter, converted, or tanker histories; require aircraft-level model and role evidence. Do not seed until the stated resolver, source, service-status, or aircraft-level evidence requirement is implemented and reviewed.",,
Cessna,Citation Family,Citation Mustang,C510,C510|Citation Mustang|Cessna Citation Mustang,Business Jet,collectible,ICAO Doc 8643 lookup; Textron Aviation product/history pages; prototype catalog sanity check,medium,Approved as an M0 catalog identity: common light business-jet candidate.,approved,"Verify canonical Citation model naming. Approval does not authorize seeding until alias normalization, collision checks, and all seed-gate checks pass.",,
Cessna,Citation Family,Citation CJ2 / CJ2+,C25A,C25A|Citation CJ2 / CJ2+|Cessna Citation CJ2 / CJ2+,Business Jet,collectible,ICAO Doc 8643 lookup; Textron Aviation product/history pages; Identity Review alpha expansion,medium,Approved as a combined Citation identity because C25A covers closely related CJ2 and CJ2+ configurations.,approved,Do not approve CJ3/C25B as part of this decision. Avoid separate CJ2 and CJ2+ aliases that normalize to the same value; C25A and combined display aliases seed the resolver-safe identity.,,
Cessna,Citation Family,Citation CJ3,C25B,C25B|Citation CJ3|Citation CJ3+|Cessna Citation CJ3,Business Jet,collectible,ICAO Doc 8643 lookup; Textron Aviation product pages; prototype catalog sanity check,low,Rename required before approval: common Citation candidate.,rename,"C25B may cover CJ3 and CJ3+ naming; review collectible boundary. Do not seed until the canonical manufacturer, series, family, or variant naming is revised and re-reviewed. Superseded by the Citation CJ3 / CJ3+ row (Wave A, July 7, 2026).",,
Cessna,Citation Family,Citation CJ4,C25C,C25C|Citation CJ4|Cessna Citation CJ4,Business Jet,collectible,ICAO Doc 8643 lookup; Textron Aviation product pages; prototype catalog sanity check,medium,Approved as an M0 catalog identity: current light business-jet candidate.,approved,"Verify current aliases and model suffix treatment. Approval does not authorize seeding until alias normalization, collision checks, and all seed-gate checks pass.",,
Cessna,Citation Family,Citation Excel/XLS,C56X,C56X|Citation Excel|Citation XLS|Citation XLS+|Cessna Citation Excel,Business Jet,collectible,ICAO Doc 8643 lookup; Textron Aviation product/history pages; prototype catalog sanity check,low,Rename required before approval: common business-jet family candidate.,rename,"C56X spans Excel, XLS, and XLS+ naming; review whether one collectible is too coarse. Do not seed until the canonical manufacturer, series, family, or variant naming is revised and re-reviewed. Superseded by the Citation Excel / XLS row (Wave A, July 7, 2026).",,
Cessna,Citation Family,Citation Latitude,C68A,C68A|Citation Latitude|Cessna Citation Latitude,Business Jet,collectible,ICAO Doc 8643 lookup; Textron Aviation product pages; prototype catalog sanity check,medium,Approved as an M0 catalog identity: current midsize business-jet candidate.,approved,"Verify aliases and canonical manufacturer naming. Approval does not authorize seeding until alias normalization, collision checks, and all seed-gate checks pass.",,
Cessna,Citation Family,Citation Longitude,C700,C700|Citation Longitude|Cessna Citation Longitude,Business Jet,collectible,ICAO Doc 8643 lookup; Textron Aviation product pages; prototype catalog sanity check,medium,Approved as an M0 catalog identity: current large business-jet candidate.,approved,"Verify current ICAO designator and aliases. Approval does not authorize seeding until alias normalization, collision checks, and all seed-gate checks pass.",,
Cessna,Citation Family,Citation X,C750,C750|Citation X|Citation X+|Cessna Citation X,Business Jet,collectible,ICAO Doc 8643 lookup; Textron Aviation history pages; prototype catalog sanity check,low,Rename required before approval: iconic high-speed business-jet candidate.,rename,"C750 may cover Citation X and X+; review whether they remain one collectible. Do not seed until the canonical manufacturer, series, family, or variant naming is revised and re-reviewed. Superseded by the Citation X / X+ row (Wave A, July 7, 2026).",,
Gulfstream,Gulfstream Family,G280,G280,G280|Gulfstream G280,Business Jet,collectible,ICAO Doc 8643 lookup; Gulfstream product pages; prototype catalog sanity check,medium,Approved as an M0 catalog identity: common super-midsize business-jet candidate.,approved,"Verify manufacturer lineage aliases are not overly broad. Approval does not authorize seeding until alias normalization, collision checks, and all seed-gate checks pass.",,
Gulfstream,Gulfstream Family,G450,GLF4,G450|Gulfstream G450|GLF4,Business Jet,collectible,ICAO Doc 8643 lookup; Gulfstream history pages; independent aviation reference review,low,Rename required before approval: recognizable large-cabin business-jet candidate.,rename,"GLF4 spans multiple Gulfstream IV-family models and may be too broad for G450 model-level resolution. Consider renaming this candidate to a series-level identity or require aircraft-level model evidence. Do not seed until the canonical manufacturer, series, family, or variant naming is revised and re-reviewed. Superseded by the Gulfstream IV / G450 row (Wave A, July 7, 2026).",,
Gulfstream,Gulfstream Family,G550,GLF5,G550|Gulfstream G550|GLF5,Business Jet,collectible,ICAO Doc 8643 lookup; Gulfstream history pages; independent aviation reference review,low,Rename required before approval: common large-cabin business-jet candidate.,rename,"GLF5 spans multiple Gulfstream V-family models and may be too broad for G550 model-level resolution. Consider renaming this candidate to a series-level identity or require aircraft-level model evidence. Do not seed until the canonical manufacturer, series, family, or variant naming is revised and re-reviewed. Superseded by the Gulfstream V / G550 row (Wave A, July 7, 2026).",,
Gulfstream,Gulfstream Family,G650,G650,G650|Gulfstream G650|Gulfstream G650ER,Business Jet,collectible,ICAO Doc 8643 lookup; Gulfstream product pages; prototype catalog sanity check,low,Rename required before approval: high-profile long-range business-jet candidate.,rename,"Review whether G650ER should remain the same collectible or a separate candidate. Do not seed until the canonical manufacturer, series, family, or variant naming is revised and re-reviewed. Superseded by the G650 / G650ER row (Wave A, July 7, 2026).",,
Gulfstream,Gulfstream Family,G700,G700,G700|Gulfstream G700,Business Jet,collectible,ICAO Doc 8643 lookup; Gulfstream product pages; prototype catalog sanity check,medium,Approved as an M0 catalog identity: current flagship business-jet candidate.,approved,"Verify service status and current ICAO designator. Approval does not authorize seeding until alias normalization, collision checks, and all seed-gate checks pass.",,
Bombardier,Challenger Family,Challenger 350,CL35,CL35|Challenger 350|Bombardier Challenger 350,Business Jet,collectible,ICAO Doc 8643 lookup; Bombardier product pages; prototype catalog sanity check,medium,Approved as an M0 catalog identity: common super-midsize business-jet candidate.,approved,"Review 350 versus 3500 collectible boundary. Approval does not authorize seeding until alias normalization, collision checks, and all seed-gate checks pass.",,
Bombardier,Challenger Family,Challenger 650,CL60,CL60|Challenger 650|Bombardier Challenger 650,Business Jet,collectible,ICAO Doc 8643 lookup; Bombardier product/history pages; independent aviation reference review,low,Rename required before approval: current large-cabin Challenger candidate.,rename,"CL60 spans several Challenger 600-series models and may be too broad for Challenger 650 model-level resolution. Consider renaming this candidate to a series-level identity or require aircraft-level model evidence. Do not seed until the canonical manufacturer, series, family, or variant naming is revised and re-reviewed. Superseded by the Challenger 600 Series row (Wave A, July 7, 2026).",,
Bombardier,Global Family,Global 6000,GLEX,GLEX|Global 6000|Bombardier Global 6000,Business Jet,collectible,ICAO Doc 8643 lookup; Bombardier product/history pages; independent aviation reference review,low,Rename required before approval: common long-range business-jet candidate.,rename,"GLEX spans multiple Global Express derivatives and may be too broad for Global 6000 model-level resolution. Consider renaming this candidate to a series-level identity or require aircraft-level model evidence. Do not seed until the canonical manufacturer, series, family, or variant naming is revised and re-reviewed. Superseded by the Global Express / 6000 row (Wave A, July 7, 2026).",,
Bombardier,Global Family,Global 7500,GL7T,GL7T|Global 7500|Bombardier Global 7500,Business Jet,collectible,ICAO Doc 8643 lookup; Bombardier product pages; prototype catalog sanity check,medium,Approved as an M0 catalog identity: current flagship business-jet candidate.,approved,"Verify canonical model naming and aliases. Approval does not authorize seeding until alias normalization, collision checks, and all seed-gate checks pass.",,
Dassault,Falcon Family,Falcon 2000,F2TH,F2TH|Falcon 2000|Dassault Falcon 2000,Business Jet,collectible,ICAO Doc 8643 lookup; Dassault Aviation product/history pages; prototype catalog sanity check,low,Rename required before approval: common Falcon-family candidate.,rename,"F2TH spans several Falcon 2000 derivatives and may be too broad for specific model-level resolution. Consider keeping a series-level Falcon 2000 identity or require aircraft-level model evidence. Do not seed until the canonical manufacturer, series, family, or variant naming is revised and re-reviewed. Superseded by the Falcon 2000 Series row (Wave A, July 7, 2026).",,
Dassault,Falcon Family,Falcon 7X,F7X,F7X|Falcon 7X|Dassault Falcon 7X,Business Jet,collectible,ICAO Doc 8643 lookup; Dassault Aviation product pages; prototype catalog sanity check,medium,Approved as an M0 catalog identity: common long-range business-jet candidate.,approved,"Verify normalized aliases. Approval does not authorize seeding until alias normalization, collision checks, and all seed-gate checks pass.",,
Dassault,Falcon Family,Falcon 8X,F8X,F8X|Falcon 8X|Dassault Falcon 8X,Business Jet,collectible,ICAO Doc 8643 lookup; Dassault Aviation product pages; prototype catalog sanity check,medium,Approved as an M0 catalog identity: current long-range business-jet candidate.,approved,"Verify normalized aliases. Approval does not authorize seeding until alias normalization, collision checks, and all seed-gate checks pass.",,
Airbus,A400M Family,A400M,A400,A400|A400M|Airbus A400M|Atlas,Military,collectible,ICAO Doc 8643 lookup; Airbus Defence product pages; prototype catalog sanity check,medium,Approved as an M0 catalog identity: high-visibility military transport candidate.,approved,"Review whether Atlas is a regional service-name alias and confirm military catalog policy. Approval does not authorize seeding until alias normalization, collision checks, and all seed-gate checks pass.",,
Boeing,C-17 Family,C-17 Globemaster III,C17,C17|C-17|C-17 Globemaster III|Boeing C-17,Military,collectible,ICAO Doc 8643 lookup; Boeing Defense history pages; prototype catalog sanity check,medium,Approved as an M0 catalog identity: iconic military transport candidate.,approved,"Verify canonical punctuation and service aliases. Approval does not authorize seeding until alias normalization, collision checks, and all seed-gate checks pass.",,
Boeing,KC-135 Family,KC-135R Stratotanker,K35R,K35R|KC-135R|Boeing KC-135R|Stratotanker,Military,collectible,ICAO Doc 8643 lookup; Boeing Defense history pages; prototype catalog sanity check,medium,Approved as an M0 catalog identity: common tanker candidate and resolver role test.,approved,"Other KC-135 subtypes use different designators; keep the candidate subtype-specific. Approval does not authorize seeding until alias normalization, collision checks, and all seed-gate checks pass.",,
Boeing,KC-46 Family,KC-46A Pegasus,K46A,K46A|KC-46A|Boeing KC-46A|Pegasus,Military,collectible,ICAO Doc 8643 lookup; Boeing Defense product pages; prototype catalog sanity check,medium,Approved as an M0 catalog identity: current tanker candidate with distinct designator.,approved,"Verify canonical service-name aliases. Approval does not authorize seeding until alias normalization, collision checks, and all seed-gate checks pass.",,
Boeing,E-3 Family,E-3 Sentry,E3TF|E3CF,E3TF|E3CF|E-3|E-3 Sentry|Boeing E-3,Military,collectible,ICAO Doc 8643 lookup; Boeing Defense history pages; independent aviation reference review,low,Deferred from M0 seed consideration: iconic airborne-warning candidate and multi-code resolver test.,defer,"Different E-3 configurations may use E3TF or E3CF; verify whether one collectible should span both. Do not seed until the stated resolver, source, service-status, or aircraft-level evidence requirement is implemented and reviewed.",,
Lockheed Martin,C-130 Family,C-130 Hercules,C130,C130|C-130|C-130 Hercules|Lockheed C-130,Military,collectible,ICAO Doc 8643 lookup; Lockheed Martin product/history pages; prototype catalog sanity check,low,Rename required before approval: extremely common military transport family candidate.,rename,"C130 is too coarse for many subvariants and civilian L-100 derivatives; review collectible boundary. Do not seed until the canonical manufacturer, series, family, or variant naming is revised and re-reviewed. Superseded by the C-130 Hercules row (Wave A, July 7, 2026).",,
Lockheed Martin,C-5 Family,C-5M Super Galaxy,C5M,C5M|C-5M|C-5M Super Galaxy|Lockheed C-5M,Military,collectible,ICAO Doc 8643 lookup; Lockheed Martin product pages; independent aviation reference review,medium,Approved as an M0 catalog identity: iconic heavy military transport candidate.,approved,"Verify canonical service-name aliases. Approval does not authorize seeding until alias normalization, collision checks, and all seed-gate checks pass.",,
Lockheed Martin,P-3 Family,P-3 Orion,P3,P3|P-3|P-3 Orion|Lockheed P-3,Military,collectible,ICAO Doc 8643 lookup; Lockheed Martin history pages; prototype catalog sanity check,low,Rename required before approval: widely recognized maritime-patrol candidate.,rename,"P3 may be too coarse for multiple P-3 subvariants and special missions. Do not seed until the canonical manufacturer, series, family, or variant naming is revised and re-reviewed. Superseded by the P-3 Orion row (Wave A, July 7, 2026).",,
Northrop Grumman,B-2 Family,B-2 Spirit,B2,B2|B-2|B-2 Spirit|Northrop Grumman B-2,Military,collectible,ICAO Doc 8643 lookup; Northrop Grumman history pages; independent aviation reference review,medium,Approved as an M0 catalog identity: iconic low-frequency catch with strong gameplay value.,approved,"Verify ICAO designator and whether military stealth types belong in the initial Dex. Approval does not authorize seeding until alias normalization, collision checks, and all seed-gate checks pass.",,
General Dynamics,F-16 Family,F-16 Fighting Falcon,F16,F16|F-16|F-16 Fighting Falcon,Military,collectible,ICAO Doc 8643 lookup; manufacturer/service history pages; independent aviation reference review,low,Rename required before approval: common military fighter family candidate.,rename,"F16 is broad across many blocks and manufacturers; review canonical manufacturer and collectible boundary. Do not seed until the canonical manufacturer, series, family, or variant naming is revised and re-reviewed. Superseded by the F-16 Fighting Falcon row (Wave A, July 7, 2026).",,
Eurofighter,Typhoon Family,Eurofighter Typhoon,EUFI,EUFI|Eurofighter Typhoon|Typhoon,Military,collectible,ICAO Doc 8643 lookup; Eurofighter product pages; prototype catalog sanity check,medium,Approved as an M0 catalog identity: common multinational fighter candidate.,approved,"Verify manufacturer entity policy for consortium-built aircraft. Approval does not authorize seeding until alias normalization, collision checks, and all seed-gate checks pass.",,
Dassault,Rafale Family,Dassault Rafale,RAFL,RAFL|Rafale|Dassault Rafale,Military,collectible,ICAO Doc 8643 lookup; Dassault Aviation product pages; independent aviation reference review,medium,Approved as an M0 catalog identity: common modern fighter candidate.,approved,"Verify current ICAO designator and whether Rafale subvariants remain one collectible. Approval does not authorize seeding until alias normalization, collision checks, and all seed-gate checks pass.",,
Airbus,Beluga Family,A300-600ST Beluga,A3ST,A3ST|A300-600ST|Airbus Beluga|Beluga,Special,collectible,ICAO Doc 8643 lookup; Airbus history pages; prototype catalog sanity check,medium,Approved as an M0 catalog identity: iconic special transport with strong gameplay value.,approved,"Special transport rather than ordinary cargo; verify canonical family and display name. Approval does not authorize seeding until alias normalization, collision checks, and all seed-gate checks pass.",,
Airbus,Beluga Family,BelugaXL,A337,A337|BelugaXL|Airbus BelugaXL|A330-743L,Special,collectible,ICAO Doc 8643 lookup; Airbus product pages; prototype catalog sanity check,medium,Approved as an M0 catalog identity: distinct current special transport candidate.,approved,"Verify A337 designator and whether A330-743L belongs only as an alias. Approval does not authorize seeding until alias normalization, collision checks, and all seed-gate checks pass.",,
Boeing,747 Special Family,747 Dreamlifter,BLCF,BLCF|747 Dreamlifter|Boeing Dreamlifter|747-400LCF,Special,collectible,ICAO Doc 8643 lookup; Boeing history pages; prototype catalog sanity check,medium,Approved as an M0 catalog identity: iconic special transport and distinct resolver target.,approved,"Treat as Special rather than ordinary Cargo Jet; verify canonical 747-400LCF naming. Approval does not authorize seeding until alias normalization, collision checks, and all seed-gate checks pass.",,
Antonov,An-225 Family,An-225 Mriya,A225,A225|An-225|Antonov An-225|Mriya,Special,legacy,ICAO Doc 8643 lookup; Antonov history pages; prototype catalog sanity check,medium,"Accepted as a legacy catalog identity: no active airframe exists, so this candidate cannot count toward primary signal-backed Dex completion under current policy.",legacy,No active airframe exists. Keep catalog_status legacy; it cannot be part of primary signal-backed Dex completion unless a future non-active Legacy/Special policy explicitly allows it. Accepted as legacy and excluded from primary Dex completion; seed eligibility still requires the documented seed gate.,0 active; destroyed 2022. Evidence: rarity_preassignment_draft.csv estimate + operator service check (July 2026 general fleet knowledge); verify at annual re-review.,2026-07-07
Canadair,CL-415 Family,CL-415,CL2T,CL2T|CL-415|Canadair CL-415|Super Scooper,Special,collectible,ICAO Doc 8643 lookup; manufacturer history pages; independent aviation reference review,low,Rename required before approval: recognizable aerial-firefighting candidate.,rename,"Manufacturer lineage includes Canadair, Bombardier, Viking, and De Havilland Canada; verify canonical manufacturer policy. Do not seed until the canonical manufacturer, series, family, or variant naming is revised and re-reviewed. Superseded by the CL-415 row (Wave A, July 7, 2026).",,
Air Tractor,AT-802 Family,AT-802 Fire Boss,AT8T,AT8T|AT-802|AT-802 Fire Boss|Air Tractor AT-802,Special,collectible,ICAO Doc 8643 lookup; Air Tractor product pages; independent aviation reference review,low,Deferred from M0 seed consideration: useful special-mission and resolver edge-case candidate.,defer,"AT8T may cover agricultural, firefighting, and armed derivatives; verify whether Fire Boss is resolvable from aircraft metadata. Do not seed until the stated resolver, source, service-status, or aircraft-level evidence requirement is implemented and reviewed.",,
Airbus,A300 Family,A300-600,A306,A306|A300-600|Airbus A300-600,Passenger Jet,collectible,ICAO Doc 8643 lookup; Airbus history pages; prototype catalog sanity check,medium,"Promoted to collectible on July 7, 2026 under the measurable legacy rule: production ended but reasonable catch expectation remains.",approved,"A306 also covers freighter aircraft; historical role requires aircraft-level metadata. Legacy treatment is expressed only by catalog_status. Promoted legacy -> collectible July 7, 2026; existing catches and unlock history remain valid per DEX_ENGINE.",~25 active passenger airframes; scheduled Iranian passenger service produces regular ADS-B activity. Evidence: rarity_preassignment_draft.csv estimate + operator service check (July 2026 general fleet knowledge); verify at annual re-review.,2026-07-07
Airbus,A310 Family,A310-300,A310,A310|A310-300|Airbus A310-300,Passenger Jet,collectible,ICAO Doc 8643 lookup; Airbus history pages; prototype catalog sanity check,low,"Promoted to collectible on July 7, 2026 under the measurable legacy rule: production ended but reasonable catch expectation remains.",approved,"A310 designator may be too coarse for -200 versus -300 source data; verify variant boundary. Legacy treatment is expressed only by catalog_status. Promoted legacy -> collectible July 7, 2026; existing catches and unlock history remain valid per DEX_ENGINE.",~35 active; tanker/government airframes plus scheduled Iranian passenger service. Evidence: rarity_preassignment_draft.csv estimate + operator service check (July 2026 general fleet knowledge); verify at annual re-review.,2026-07-07
Airbus,A340 Family,A340-300,A343,A343|A340-300|Airbus A340-300,Passenger Jet,collectible,ICAO Doc 8643 lookup; Airbus history pages; prototype catalog sanity check,medium,"Promoted to collectible on July 7, 2026 under the measurable legacy rule: production ended but reasonable catch expectation remains.",approved,"Passenger Jet is the aircraft category; catalog_status carries the separate legacy policy. Promoted legacy -> collectible July 7, 2026; existing catches and unlock history remain valid per DEX_ENGINE.","~55 active; scheduled passenger service (Lufthansa, Edelweiss). Evidence: rarity_preassignment_draft.csv estimate + operator service check (July 2026 general fleet knowledge); verify at annual re-review.",2026-07-07
Airbus,A340 Family,A340-600,A346,A346|A340-600|Airbus A340-600,Passenger Jet,collectible,ICAO Doc 8643 lookup; Airbus history pages; prototype catalog sanity check,medium,"Promoted to collectible on July 7, 2026 under the measurable legacy rule: production ended but reasonable catch expectation remains.",approved,"Passenger Jet is the aircraft category; catalog_status carries the separate legacy policy. Promoted legacy -> collectible July 7, 2026; existing catches and unlock history remain valid per DEX_ENGINE.",~18 active; fleet presumption rebutted by regular charter operations. Evidence: rarity_preassignment_draft.csv estimate + operator service check (July 2026 general fleet knowledge); verify at annual re-review.,2026-07-07
Boeing,707 Family,707-320,B703,B703|707-320|Boeing 707-320,Passenger Jet,legacy,ICAO Doc 8643 lookup; Boeing history pages; prototype catalog sanity check,low,Accepted as a legacy catalog identity: foundational jetliner candidate with strong historical gameplay value.,legacy,B703 may cover several 707-300-series subtypes; verify canonical boundary. Legacy treatment is expressed only by catalog_status. Accepted as legacy and excluded from primary Dex completion; seed eligibility still requires the documented seed gate.,<10 civil airframes; military derivatives are separate identities. Evidence: rarity_preassignment_draft.csv estimate + operator service check (July 2026 general fleet knowledge); verify at annual re-review.,2026-07-07
Boeing,727 Family,727-200,B722,B722|727-200|Boeing 727-200,Passenger Jet,legacy,ICAO Doc 8643 lookup; Boeing history pages; prototype catalog sanity check,medium,Accepted as a legacy catalog identity: iconic trijet candidate with remaining specialist operation.,legacy,Passenger and freighter roles share the designator; preserve role history separately. Legacy treatment is expressed only by catalog_status. Accepted as legacy and excluded from primary Dex completion; seed eligibility still requires the documented seed gate.,"~30 airframes; no scheduled service, sporadic cargo/corporate activity only. Evidence: rarity_preassignment_draft.csv estimate + operator service check (July 2026 general fleet knowledge); verify at annual re-review.",2026-07-07
Boeing,737 Family,737-200,B732,B732|737-200|Boeing 737-200,Passenger Jet,legacy,ICAO Doc 8643 lookup; Boeing history pages; prototype catalog sanity check,medium,Accepted as a legacy catalog identity: iconic early 737 candidate still occasionally observable.,legacy,Multiple subvariants and gravel-kit aircraft share source naming. Legacy treatment is expressed only by catalog_status. Accepted as legacy and excluded from primary Dex completion; seed eligibility still requires the documented seed gate.,"~35 active (Nolinor, Air Inuit northern operations). Borderline: revisit with real catch data. Evidence: rarity_preassignment_draft.csv estimate + operator service check (July 2026 general fleet knowledge); verify at annual re-review.",2026-07-07
Boeing,747 Family,747-400,B744,B744|747-400|Boeing 747-400,Passenger Jet,collectible,ICAO Doc 8643 lookup; Boeing history pages; prototype catalog sanity check,low,"Promoted to collectible on July 7, 2026 under the measurable legacy rule: production ended but reasonable catch expectation remains.",approved,"B744 is shared with freighter and converted aircraft; role requires aircraft-level metadata. Legacy treatment is expressed only by catalog_status. Promoted legacy -> collectible July 7, 2026; existing catches and unlock history remain valid per DEX_ENGINE.",~20 active passenger airframes; fleet presumption rebutted by scheduled Lufthansa service. Freighters remain the deferred 747-400F row. Evidence: rarity_preassignment_draft.csv estimate + operator service check (July 2026 general fleet knowledge); verify at annual re-review.,2026-07-07
Aerospatiale / BAC,Concorde Family,Concorde,CONC,CONC|Concorde|Aerospatiale BAC Concorde,Passenger Jet,legacy,ICAO Doc 8643 lookup; manufacturer and museum history pages; independent aviation reference review,medium,Accepted as a legacy catalog identity: globally iconic supersonic airliner candidate for Legacy Dex.,legacy,No active aircraft; verify consortium manufacturer naming and whether non-flying types belong in a signal-backed catalog. Legacy treatment is expressed only by catalog_status. Accepted as legacy and excluded from primary Dex completion; seed eligibility still requires the documented seed gate.,0 active; retired 2003. Evidence: rarity_preassignment_draft.csv estimate + operator service check (July 2026 general fleet knowledge); verify at annual re-review.,2026-07-07
McDonnell Douglas,DC-9 Family,DC-9-30,DC93,DC93|DC-9-30|McDonnell Douglas DC-9-30,Passenger Jet,legacy,ICAO Doc 8643 lookup; manufacturer history pages; prototype catalog sanity check,medium,Accepted as a legacy catalog identity: iconic early short-haul jet candidate.,legacy,Manufacturer naming may be Douglas rather than McDonnell Douglas for some production history; verify policy. Legacy treatment is expressed only by catalog_status. Accepted as legacy and excluded from primary Dex completion; seed eligibility still requires the documented seed gate.,<5 active. Evidence: rarity_preassignment_draft.csv estimate + operator service check (July 2026 general fleet knowledge); verify at annual re-review.,2026-07-07
McDonnell Douglas,MD-80 Family,MD-82,MD82,MD82|MD-82|McDonnell Douglas MD-82,Passenger Jet,legacy,ICAO Doc 8643 lookup; manufacturer history pages; prototype catalog sanity check,medium,Accepted as a legacy catalog identity: recognizable MD-80-series candidate with remaining operation.,legacy,Review whether MD-82 and MD-83 should remain separate collectibles. Legacy treatment is expressed only by catalog_status. Accepted as legacy and excluded from primary Dex completion; seed eligibility still requires the documented seed gate.,~30 active; Mexican cargo/charter operations. Borderline: revisit with real catch data. Evidence: rarity_preassignment_draft.csv estimate + operator service check (July 2026 general fleet knowledge); verify at annual re-review.,2026-07-07
McDonnell Douglas,MD-80 Family,MD-88,MD88,MD88|MD-88|McDonnell Douglas MD-88,Passenger Jet,legacy,ICAO Doc 8643 lookup; manufacturer history pages; prototype catalog sanity check,medium,Accepted as a legacy catalog identity: distinct MD-80-series candidate with gameplay value.,legacy,Limited current operation; verify catalog status and aliases. Legacy treatment is expressed only by catalog_status. Accepted as legacy and excluded from primary Dex completion; seed eligibility still requires the documented seed gate.,<10 active. Evidence: rarity_preassignment_draft.csv estimate + operator service check (July 2026 general fleet knowledge); verify at annual re-review.,2026-07-07
McDonnell Douglas,MD-90 Family,MD-90,MD90,MD90|MD-90|McDonnell Douglas MD-90,Passenger Jet,legacy,ICAO Doc 8643 lookup; manufacturer history pages; prototype catalog sanity check,medium,Accepted as a legacy catalog identity: recognizable final-generation narrowbody candidate.,legacy,No normal passenger operation; verify signal-backed gameplay value. Legacy treatment is expressed only by catalog_status. Accepted as legacy and excluded from primary Dex completion; seed eligibility still requires the documented seed gate.,~2 survivors (test/donor airframes). Evidence: rarity_preassignment_draft.csv estimate + operator service check (July 2026 general fleet knowledge); verify at annual re-review.,2026-07-07
McDonnell Douglas,DC-10 Family,DC-10-30,DC10,DC-10-30|McDonnell Douglas DC-10-30,Passenger Jet,legacy,ICAO Doc 8643 lookup; manufacturer history pages; prototype catalog sanity check,low,Accepted as a legacy catalog identity: iconic widebody trijet candidate.,legacy,"DC10 is informational only and must not directly resolve to DC-10-30. The shared coarse code cannot distinguish passenger, freighter, converted, or tanker histories; require aircraft-level model and historical role evidence. Legacy treatment is expressed only by catalog_status. Accepted as legacy and excluded from primary Dex completion; seed eligibility still requires the documented seed gate.",~0 passenger airframes; tanker histories are separate identities. Evidence: rarity_preassignment_draft.csv estimate + operator service check (July 2026 general fleet knowledge); verify at annual re-review.,2026-07-07
Lockheed,TriStar Family,L-1011 TriStar,L101,L101|L-1011|L-1011 TriStar|Lockheed TriStar,Passenger Jet,legacy,ICAO Doc 8643 lookup; Lockheed history pages; independent aviation reference review,medium,Accepted as a legacy catalog identity: iconic widebody trijet candidate for Legacy Dex.,legacy,No regular active fleet; verify whether non-flying historical types belong in the signal-backed catalog. Legacy treatment is expressed only by catalog_status. Accepted as legacy and excluded from primary Dex completion; seed eligibility still requires the documented seed gate.,1 active (Stargazer launch aircraft). Evidence: rarity_preassignment_draft.csv estimate + operator service check (July 2026 general fleet knowledge); verify at annual re-review.,2026-07-07
Gulfstream,Gulfstream IV Family,Gulfstream IV / G450,GLF4,GLF4|G450|Gulfstream G450|Gulfstream IV|GIV,Business Jet,collectible,"ICAO Doc 8643 lookup; Gulfstream history pages; independent aviation reference review; Wave A rename pass; founder approval July 7, 2026",medium,Approved as a series-level identity in the July 2026 Wave A rename pass; granularity matches the designator.,approved,Broad GLF4 designator handled as an approved series-level identity per Wave A; no narrower model claim beyond the row aliases.,,
Gulfstream,Gulfstream V Family,Gulfstream V / G550,GLF5,GLF5|G550|Gulfstream G550|Gulfstream V|GV,Business Jet,collectible,"ICAO Doc 8643 lookup; Gulfstream history pages; independent aviation reference review; Wave A rename pass; founder approval July 7, 2026",medium,Approved as a series-level identity in the July 2026 Wave A rename pass; granularity matches the designator.,approved,Broad GLF5 designator handled as an approved series-level identity per Wave A; no narrower model claim beyond the row aliases.,,
Gulfstream,G650 Family,G650 / G650ER,G650|GLF6,GLF6|G650|G650ER|Gulfstream G650|Gulfstream G650ER,Business Jet,collectible,"ICAO Doc 8643 lookup; Gulfstream product pages; prototype catalog sanity check; ICAO type designator GLF6 verification; Wave A rename pass; founder approval July 7, 2026",medium,Approved as a series-level identity in the July 2026 Wave A rename pass; granularity matches the designator.,approved,"GLF6 confirmed for Gulfstream G650; G650 remains a marketing/model alias, not the sole type designator.",,
Bombardier,Challenger Family,Challenger 600 Series,CL60,CL60|Challenger 600 Series|Challenger 604|Challenger 605|Challenger 650|Bombardier Challenger 650,Business Jet,collectible,"ICAO Doc 8643 lookup; Bombardier product/history pages; independent aviation reference review; Wave A rename pass; founder approval July 7, 2026",medium,Approved as a series-level identity in the July 2026 Wave A rename pass; granularity matches the designator.,approved,Broad CL60 designator handled as an approved series-level identity per Wave A.,,
Bombardier,Global Family,Global Express / 6000,GLEX,GLEX|Global Express|Global Express XRS|Global 6000|Bombardier Global 6000,Business Jet,collectible,"ICAO Doc 8643 lookup; Bombardier product/history pages; independent aviation reference review; Wave A rename pass; founder approval July 7, 2026",medium,Approved as a series-level identity in the July 2026 Wave A rename pass; granularity matches the designator.,approved,Broad GLEX designator handled as an approved series-level identity per Wave A.,,
Cessna,Citation Family,Citation CJ3 / CJ3+,C25B,C25B|Citation CJ3|Citation CJ3+|Cessna Citation CJ3,Business Jet,collectible,"ICAO Doc 8643 lookup; Textron Aviation product pages; prototype catalog sanity check; Wave A rename pass; founder approval July 7, 2026",medium,Approved as a series-level identity in the July 2026 Wave A rename pass; granularity matches the designator.,approved,C25B approved as combined CJ3 / CJ3+ identity per Wave A.,,
Cessna,Citation Family,Citation Excel / XLS,C56X,C56X|Citation Excel|Citation XLS|Citation XLS+|Cessna Citation Excel,Business Jet,collectible,"ICAO Doc 8643 lookup; Textron Aviation product/history pages; prototype catalog sanity check; Wave A rename pass; founder approval July 7, 2026",medium,Approved as a series-level identity in the July 2026 Wave A rename pass; granularity matches the designator.,approved,C56X approved as combined Excel / XLS identity per Wave A.,,
Cessna,Citation Family,Citation X / X+,C750,C750|Citation X|Citation X+|Cessna Citation X,Business Jet,collectible,"ICAO Doc 8643 lookup; Textron Aviation history pages; prototype catalog sanity check; Wave A rename pass; founder approval July 7, 2026",medium,Approved as a series-level identity in the July 2026 Wave A rename pass; granularity matches the designator.,approved,C750 approved as combined Citation X / X+ identity per Wave A.,,
Dassault,Falcon Family,Falcon 2000 Series,F2TH,F2TH|Falcon 2000|Falcon 2000EX|Falcon 2000LX|Dassault Falcon 2000,Business Jet,collectible,"ICAO Doc 8643 lookup; Dassault Aviation product/history pages; prototype catalog sanity check; Wave A rename pass; founder approval July 7, 2026",medium,Approved as a series-level identity in the July 2026 Wave A rename pass; granularity matches the designator.,approved,Broad F2TH designator handled as an approved series-level identity per Wave A.,,
COMAC,C909 Family,C909,AJ27,AJ27|ARJ21|C909|COMAC C909|COMAC ARJ21,Passenger Jet,collectible,"ICAO Doc 8643 lookup; COMAC product pages; independent aviation reference review; Wave A rename pass; founder approval July 7, 2026",medium,Approved as a series-level identity in the July 2026 Wave A rename pass; granularity matches the designator.,approved,C909 approved as the current series-level identity for AJ27 / ARJ21 evidence.,,
Sukhoi,Superjet Family,Superjet 100,SU95,SU95|SSJ100|Superjet 100|Sukhoi Superjet 100,Passenger Jet,collectible,"ICAO Doc 8643 lookup; manufacturer history pages; prototype catalog sanity check; Wave A rename pass; founder approval July 7, 2026",medium,Approved as a series-level identity in the July 2026 Wave A rename pass; granularity matches the designator.,approved,Superjet 100 approved in Wave A; earlier do-not-add status is superseded by founder-approved Wave A decision.,,
Avro,Avro RJ Family,Avro RJ85,RJ85,RJ85|Avro RJ85|BAe Avro RJ85,Passenger Jet,collectible,"ICAO Doc 8643 lookup; manufacturer history pages; prototype catalog sanity check; Wave A rename pass; founder approval July 7, 2026",medium,Approved as a series-level identity in the July 2026 Wave A rename pass; granularity matches the designator.,approved,Manufacturer normalized to Avro per Wave A decision.,,
Avro,Avro RJ Family,Avro RJ100,RJ1H,RJ1H|Avro RJ100|BAe Avro RJ100,Passenger Jet,collectible,"ICAO Doc 8643 lookup; manufacturer history pages; prototype catalog sanity check; Wave A rename pass; founder approval July 7, 2026",medium,Approved as a series-level identity in the July 2026 Wave A rename pass; granularity matches the designator.,approved,Manufacturer normalized to Avro per Wave A decision; collectible due to active charter operations.,,
Dornier,Dornier 328 Family,Dornier 328,D328,D328|Dornier 328|Do 328,Passenger Turboprop,collectible,"ICAO Doc 8643 lookup; manufacturer history pages; prototype catalog sanity check; Wave A rename pass; founder approval July 7, 2026",medium,Approved as a series-level identity in the July 2026 Wave A rename pass; granularity matches the designator.,approved,Dornier 328 Family intentionally holds both turboprop and jet; roles do not create families.,,
Dornier,Dornier 328 Family,Dornier 328JET,J328,J328|328JET|Dornier 328JET|Fairchild Dornier 328JET,Passenger Jet,collectible,"ICAO Doc 8643 lookup; manufacturer history pages; prototype catalog sanity check; Wave A rename pass; founder approval July 7, 2026",medium,Approved as a series-level identity in the July 2026 Wave A rename pass; granularity matches the designator.,approved,Dornier 328 Family intentionally holds both turboprop and jet; roles do not create families.,,
Lockheed Martin,C-130 Hercules Family,C-130 Hercules,C130,C130|C-130|C-130 Hercules|Lockheed C-130,Military,collectible,"ICAO Doc 8643 lookup; Lockheed Martin product/history pages; prototype catalog sanity check; Wave A rename pass; founder approval July 7, 2026",medium,Approved as a series-level identity in the July 2026 Wave A rename pass; granularity matches the designator.,approved,C-130 Hercules covers legacy C-130 models only; C-130J / C30J is out of scope for Wave A.,,
Lockheed Martin,P-3 Orion Family,P-3 Orion,P3,P3|P-3|P-3 Orion|Lockheed P-3,Military,collectible,"ICAO Doc 8643 lookup; Lockheed Martin history pages; prototype catalog sanity check; Wave A rename pass; founder approval July 7, 2026",medium,Approved as a series-level identity in the July 2026 Wave A rename pass; granularity matches the designator.,approved,P-3 Orion approved as a resolver-safe military identity in Wave A.,,
Lockheed Martin,F-16 Family,F-16 Fighting Falcon,F16,F16|F-16|F-16 Fighting Falcon,Military,collectible,"ICAO Doc 8643 lookup; manufacturer/service history pages; independent aviation reference review; Wave A rename pass; founder approval July 7, 2026",medium,Approved as a series-level identity in the July 2026 Wave A rename pass; granularity matches the designator.,approved,Manufacturer normalized to Lockheed Martin per Wave A decision.,,
Canadair,CL-415 Family,CL-415,CL2T,CL2T|CL-415|Canadair CL-415|Super Scooper,Special,collectible,"ICAO Doc 8643 lookup; manufacturer history pages; independent aviation reference review; Wave A rename pass; founder approval July 7, 2026",medium,Approved as a series-level identity in the July 2026 Wave A rename pass; granularity matches the designator.,approved,Manufacturer normalized to Canadair per Wave A decision.,,
